Activity Type,Date,Favorite,Title,Distance,Calories,Time,Avg HR,Max HR,Aerobic TE,Avg Run Cadence,Max Run Cadence,Avg Pace,Best Pace,Total Ascent,Total Descent,Avg Stride Length,Avg Vertical Ratio,Avg Vertical Oscillation,Avg Ground Contact Time,Avg GAP,Normalized Power® (NP®),Training Stress Score®,Avg Power,Max Power,Steps,Min Temp,Decompression,Best Lap Time,Number of Laps,Max Temp,Moving Time,Elapsed Time,Min Elevation,Max Elevation
Running,18/06/2025 06:09,FALSE,Tangerang Running,5.71,419,00:35:08,140,152,3.3,171,183,06:09,05:05,12,11,0.95,8.9,8.5,265,06:08,289,0,286,441,"5,916",25,No,04:11.1,6,28,00:35:06,00:37:57,38,49
Running,15/06/2025 06:24,FALSE,Tangerang Running,10.52,760,01:03:15,145,170,4.1,172,184,06:01,04:36,14,18,0.97,8.8,8.5,263,06:02,293,0,291,453,"10,758",25,No,03:26.8,11,29,01:03:13,01:04:14,39,53
Running,14/06/2025 06:32,FALSE,Tangerang Running,5.86,430,00:42:28,140,175,3.2,168,181,07:14,04:41,20,11,0.82,9.7,7.9,276,07:11,255,0,244,436,"7,052",26,No,06:01.3,6,30,00:42:20,00:51:21,31,44
Running,11/06/2025 06:39,FALSE,Tangerang Running,5.08,382,00:32:48,151,163,--,170,179,06:27,05:33,21,25,0.91,--,--,--,--,--,0,--,--,"5,486",--,No,00:34.9,6,--,00:32:46,00:33:11,22,39
Running,31/03/2025 06:26,FALSE,Gianyar - long run bali,13.55,"1,059",01:26:11,145,175,4.3,164,214,06:22,04:35,221,211,0.96,9.1,8.6,277,06:13,308,0,302,450,"14,148",24,No,00:29.8,15,29,01:25:51,02:00:44,194,323
Running,28/03/2025 06:37,FALSE,Tangerang Running,10.57,776,01:16:46,134,143,3.2,164,176,07:16,06:08,12,9,0.84,9.8,8.2,290,07:16,256,0,255,315,"12,428",26,No,04:13.7,11,29,01:16:43,01:20:54,30,40
Running,26/03/2025 18:27,FALSE,Tangerang Running,12.24,921,01:23:41,150,181,--,168,206,06:50,05:02,11,10,0.87,--,--,--,--,--,0,--,--,"13,970",--,No,00:52.8,15,--,01:23:36,01:42:16,17,25
Running,23/03/2025 06:00,FALSE,Tangerang Running,16.57,"1,064",01:39:58,148,166,--,173,191,06:02,04:36,34,35,0.96,--,--,--,--,--,0,--,--,"17,290",--,No,03:36.9,17,--,01:39:40,01:44:01,26,36
Running,22/03/2025 06:09,FALSE,Tangerang Running,6.15,445,00:48:45,121,133,2.5,162,176,07:56,06:13,9,9,0.78,10.2,7.9,294,07:51,237,0,236,371,"7,840",26,No,01:08.3,7,28,00:48:43,01:15:55,43,51
Running,21/03/2025 18:22,FALSE,Tangerang Running,5.23,390,00:38:12,135,146,2.6,161,175,07:18,06:19,8,9,0.85,9.8,8.3,293,07:19,251,0,251,302,"6,144",28,No,01:40.5,6,30,00:38:10,00:39:58,35,42
Running,19/03/2025 18:43,FALSE,Tangerang - interval 19 mar,10.9,811,01:11:53,124,140,3.8,164,206,06:36,03:24,5,5,0.92,9.1,8.1,275,06:34,301,0,275,559,"11,794",27,No,00:04.3,23,29,01:11:38,01:14:00,23,28
Running,12/03/2025 18:15,FALSE,Tangerang Running,9.52,725,00:58:23,156,179,4.7,168,197,06:08,03:50,4,6,0.96,8.7,8.3,263,06:07,292,0,282,479,"9,792",28,No,00:06.5,12,29,00:58:16,01:02:30,27,35
Running,11/03/2025 18:16,FALSE,Tangerang Running,5.28,395,00:35:32,142,154,3.1,162,174,06:44,04:38,12,5,0.91,9.5,8.7,285,06:43,263,0,262,392,"5,680",27,No,01:42.4,6,31,00:35:30,00:38:08,24,36
Running,09/03/2025 06:26,FALSE,Tangerang Running,10.01,708,01:13:48,140,154,--,164,180,07:22,06:17,33,32,0.83,--,--,--,--,--,0,--,--,"12,038",--,No,00:04.0,11,--,01:13:45,01:18:40,26,36
Running,07/03/2025 19:50,FALSE,Tangerang Running,5.15,370,00:35:49,139,150,--,162,172,06:58,05:55,19,13,0.89,--,--,--,--,--,0,--,--,"5,790",--,No,01:02.8,6,--,00:35:47,00:35:49,20,27
Running,02/03/2025 06:50,FALSE,Tangerang Running,3.65,282,00:24:43,151,159,3,169,179,06:46,05:35,2,2,0.88,9.4,8.2,275,06:46,259,0,258,328,"4,110",28,No,04:34.2,4,31,00:24:41,00:26:03,40,44
Running,02/03/2025 06:09,FALSE,Tangerang Running,5.05,373,00:25:51,173,185,4.7,174,187,05:07,03:58,3,6,1.12,8,8.9,249,05:08,339,0,337,442,"4,494",26,No,00:13.0,6,28,00:25:49,00:34:44,36,42
Running,23/02/2025 07:04,FALSE,Tangerang Running,12.02,902,01:19:23,143,160,3.9,167,176,06:36,05:26,25,16,0.91,9.4,8.5,277,--,267,0,268,351,"13,134",25,No,00:10.0,13,28,01:19:19,01:26:54,27,43
Running,20/02/2025 18:31,FALSE,Tangerang Running,5.47,421,00:36:35,145,162,--,162,177,06:41,05:08,15,10,0.92,--,--,--,--,--,0,--,--,"5,920",--,No,03:14.9,6,--,00:36:19,00:36:35,21,31
Running,19/02/2025 19:27,FALSE,Tangerang - VO2 Max,2.43,173,00:14:41,141,154,2.7,169,184,06:02,04:12,5,3,0.99,9,8.7,269,--,307,0,293,430,"2,464",24,No,00:01:00,5,30,00:14:40,00:14:41,26,31
Running,16/02/2025 06:26,FALSE,Tangerang Running,12.1,887,01:14:18,144,165,4.3,171,190,06:08,04:01,11,9,0.95,8.9,8.4,266,--,290,0,284,456,"12,646",25,No,00:36.2,13,30,01:14:15,01:19:29,32,37
Running,11/02/2025 06:01,FALSE,Tangerang Running,8.11,633,00:52:25,147,171,3.8,168,179,06:28,04:43,4,6,0.92,9.2,8.5,274,--,269,0,270,398,"8,728",26,No,00:39.6,9,29,00:52:22,00:53:48,34,40
Running,05/02/2025 06:36,FALSE,Tangerang Running,8.74,601,00:56:25,141,153,--,165,230,06:27,05:30,35,27,0.94,--,--,--,--,--,0,--,--,"9,176",--,No,04:36.1,9,--,00:56:24,00:59:57,23,40
Running,01/02/2025 06:26,FALSE,Tangerang Running,10.06,734,01:02:05,144,161,4,171,188,06:10,02:16,4,6,0.95,8.9,8.5,267,--,286,0,285,760,"10,480",26,No,00:29.3,11,29,01:02:02,01:12:59,37,41
Running,30/01/2025 17:44,FALSE,Tangerang Running,5.6,419,00:37:02,144,155,--,167,181,06:37,05:10,22,22,0.91,--,--,--,--,--,0,--,--,"6,072",--,No,04:16.9,6,--,00:37:00,00:37:02,23,39
Running,25/01/2025 06:41,FALSE,Bandung Running,24.07,"2,889",06:35:41,136,170,4.9,72,247,16:26,05:21,894,886,0.75,9.4,6.5,300,--,164,0,91,503,"34,022",20,No,00:29.6,25,32,04:00:22,06:42:03,907,"1,271"
Running,19/01/2025 07:01,FALSE,Tangerang Running,13.13,978,01:24:07,136,153,4.2,169,186,06:24,05:22,27,21,0.93,9,8.4,269,--,274,0,272,338,"14,200",26,No,00:46.6,14,31,01:23:14,01:27:27,30,42
Walking,12/01/2025 07:04,FALSE,Bogor Walking,13.85,"2,578",05:53:47,128,179,3.9,46,250,25:34:00,04:51,"1,424","1,186",0.87,--,--,--,--,--,0,--,--,"23,304",24,No,09:53.8,14,35,02:52:03,07:21:11,351,881
Running,11/01/2025 06:18,FALSE,Tangerang Running,8.02,602,00:54:32,133,147,3.3,167,178,06:48,06:16,15,11,0.88,9.5,8.4,279,--,260,0,259,298,"9,030",24,No,00:08.6,9,28,00:54:29,00:54:32,28,38
Running,08/01/2025 18:20,FALSE,Tangerang Running,6.29,415,00:39:18,138,159,--,167,189,06:15,03:55,7,10,0.95,--,--,--,--,--,0,--,--,"6,774",--,No,02:00.0,10,--,00:39:17,00:39:18,23,29
Running,05/01/2025 06:13,FALSE,Tangerang Running,10.04,734,01:07:35,146,163,--,169,179,06:44,06:19,49,50,0.88,--,--,--,--,--,0,--,--,"11,348",--,No,00:14.2,11,--,01:07:32,01:12:23,23,37
Running,22/12/2024 07:35,FALSE,Tangerang - Base,2.09,248,00:19:18,154,169,3.4,161,177,09:14,07:58,4,2,0.67,10.9,7.3,295,--,198,0,193,224,"3,110",29,No,00:04.7,6,31,00:18:51,00:22:45,39,42
Running,22/12/2024 06:20,FALSE,Tangerang Running,10.53,770,01:01:45,145,174,4.5,173,188,05:52,04:46,13,7,0.98,8.6,8.4,260,--,302,0,298,391,"10,628",26,No,03:02.1,11,29,01:01:27,01:05:46,30,39
Running,20/12/2024 07:22,FALSE,Tangerang Running,1.48,144,00:13:47,141,152,--,161,173,09:21,06:52,--,2,0.66,--,--,--,--,--,0,--,--,"2,224",--,No,04:42.5,2,--,00:13:40,00:13:47,28,33
Running,20/12/2024 06:13,FALSE,Tangerang Running,7.25,528,00:50:49,146,161,--,168,181,07:00,06:03,26,18,0.85,--,--,--,--,--,0,--,--,"8,468",--,No,01:34.6,8,--,00:50:47,00:54:54,23,35
Walking,15/12/2024 06:53,FALSE,Bogor Walking,11.69,"1,588",03:57:58,125,165,3.3,61,250,20:21,04:05,735,756,0.85,--,--,--,--,--,0,--,--,"18,716",23,No,00:10:28,12,31,02:35:12,04:34:40,376,857
Running,14/12/2024 06:19,FALSE,Tangerang Running,5.87,435,00:35:53,139,155,3.4,171,189,06:07,04:48,6,4,0.96,8.9,8.5,266,--,293,0,290,359,"6,076",25,No,04:58.7,6,28,00:35:48,00:37:04,40,46
Running,12/12/2024 18:09,FALSE,Tangerang Running,5.45,402,00:49:04,125,168,--,161,183,09:00,05:49,43,43,0.68,--,--,--,--,--,0,--,--,"7,914",--,No,02:47.1,6,--,00:49:02,00:59:17,23,40
Running,12/12/2024 18:09,FALSE,Tangerang Running,3.1,342,00:33:30,135,146,2.8,161,174,10:49,06:54,7,--,0.57,12,6.8,303,--,173,0,171,270,"5,438",29,No,01:00.1,4,33,00:33:21,00:42:12,31,40
Running,11/12/2024 06:21,FALSE,Tangerang Running,7.26,549,00:47:47,152,173,--,167,175,06:35,05:08,18,20,0.91,--,--,--,--,--,0,--,--,"7,850",--,No,01:39.6,8,--,00:47:46,00:51:10,23,36
Running,07/12/2024 06:20,FALSE,Tangerang Running,6.81,474,00:55:11,118,132,2.6,165,183,08:06,05:45,23,20,0.75,10.4,7.7,290,--,229,0,222,416,"9,044",--,No,05:40.7,7,--,00:55:10,00:55:11,27,44
Running,27/11/2024 06:18,FALSE,Tangerang Running,7.95,603,00:53:23,151,161,--,171,179,06:43,05:56,19,17,0.87,--,--,--,--,--,0,--,--,"9,032",--,No,06:13.5,8,--,00:53:21,00:58:32,26,34
Running,21/11/2024 20:01,FALSE,Tangerang Running,6.26,462,00:44:11,144,155,--,167,173,07:03,04:55,54,60,0.85,--,--,--,--,--,0,--,--,"7,316",--,No,01:19.4,7,--,00:44:10,00:44:11,27,41
Running,17/11/2024 06:12,FALSE,Tangerang Running,5.55,386,00:47:39,124,151,--,155,193,08:35,05:29,95,95,0.75,--,--,--,--,--,0,--,--,"7,470",--,No,04:07.7,6,--,00:47:37,00:53:19,22,50
Running,09/11/2024 06:50,FALSE,Tangerang Running,5.73,415,00:34:56,148,164,--,172,179,06:06,05:35,14,10,0.95,--,--,--,--,--,0,--,--,"5,962",--,No,04:16.3,6,--,00:34:54,00:34:56,26,35
Running,03/11/2024 06:17,FALSE,Tangerang Running,11.62,814,01:31:10,139,153,--,163,183,07:51,06:44,83,80,0.78,--,--,--,--,--,0,--,--,"14,808",--,No,05:07.6,12,--,01:30:59,01:52:35,30,49
Running,31/10/2024 19:43,FALSE,Tangerang Running,8.62,650,00:55:09,152,167,--,169,183,06:24,05:39,58,63,0.93,--,--,--,--,--,0,--,--,"9,198",--,No,03:55.7,9,--,00:55:05,00:55:54,27,41
Running,30/10/2024 06:17,FALSE,Running,5.52,352,00:34:18,136,152,--,167,175,06:13,05:54,188,201,0.96,--,--,--,--,--,0,--,--,"5,678",--,No,03:17.4,6,--,00:34:17,00:34:18,54,83
Running,28/10/2024 19:17,FALSE,Running,5.09,379,00:34:21,145,152,--,165,177,06:45,06:24,197,207,0.9,--,--,--,--,--,0,--,--,"5,610",--,No,00:34.9,6,--,00:34:20,00:34:21,47,82
Running,22/10/2024 20:10,FALSE,Running,3.02,226,00:20:06,143,163,--,168,175,06:39,06:08,101,70,0.9,--,--,--,--,--,0,--,--,"3,318",--,No,00:07.5,4,--,00:20:05,00:20:06,61,98
Running,20/10/2024 06:19,FALSE,Running,10.02,711,01:04:20,146,165,--,167,183,06:25,05:35,241,244,0.94,--,--,--,--,--,0,--,--,"10,734",--,No,00:05.3,11,--,01:04:17,01:10:30,42,76
Running,16/10/2024 19:15,FALSE,Running,10.1,698,01:05:51,146,166,--,171,194,06:31,04:45,397,388,0.9,--,--,--,--,--,0,--,--,"11,864",--,No,00:15.4,17,--,01:05:48,01:11:33,44,88
Running,15/10/2024 06:15,FALSE,Running,6.2,416,00:39:03,140,154,--,168,176,06:18,05:55,178,189,0.95,--,--,--,--,--,0,--,--,"6,482",--,No,01:15.7,7,--,00:39:01,00:39:03,48,85
Running,11/10/2024 19:11,FALSE,Running,5.36,386,00:32:22,150,171,--,171,183,06:03,05:26,187,172,0.97,--,--,--,--,--,0,--,--,"5,454",--,No,02:05.1,6,--,00:32:21,00:32:22,54,98
Running,09/10/2024 19:07,FALSE,Tangerang Running,6.15,443,00:40:42,126,139,2.9,166,172,06:37,05:34,23,27,0.92,9.4,8.6,278,--,275,0,272,332,"6,652",--,No,01:08.9,7,--,00:40:40,00:40:42,29,36
Running,07/10/2024 19:10,FALSE,Running,5.24,380,00:33:24,146,170,--,169,197,06:22,04:33,184,148,0.93,--,--,--,--,--,0,--,--,"5,596",--,No,01:30.8,6,--,00:33:23,00:33:24,24,83
Running,29/09/2024 05:00,TRUE,Tangerang Running,21.16,"1,594",02:03:31,132,151,5,172,185,05:50,05:09,28,24,0.99,8.5,8.4,259,--,300,0,296,374,"21,182",--,No,01:12.3,22,--,02:03:26,02:03:31,46,58
Running,28/09/2024 06:12,FALSE,Tangerang Running,4.12,357,00:37:00,127,133,2.2,161,175,08:59,06:07,14,2,0.69,11.1,7.5,300,--,209,0,202,306,"5,916",--,No,00:52.9,5,--,00:36:57,00:55:54,30,43
Running,26/09/2024 05:53,FALSE,Tangerang Running,12.08,944,01:13:25,146,168,4.9,170,184,06:05,05:33,46,48,0.97,8.9,8.6,267,--,290,0,290,341,"12,366",--,No,00:28.3,13,--,01:13:21,01:17:05,49,55
Running,24/09/2024 18:51,FALSE,Tangerang Running,2.05,158,00:13:12,141,146,2.4,167,181,06:27,05:39,2,5,0.93,9.2,8.6,276,--,272,0,273,327,"2,166",--,No,00:17.1,3,--,00:13:11,00:13:37,42,49
Running,22/09/2024 06:33,FALSE,Tangerang Running,11,763,01:15:40,124,149,3.4,166,184,06:53,04:50,8,5,0.9,9.5,8.2,279,--,273,0,258,361,"12,502",--,No,00:02.7,12,--,01:15:38,01:18:37,38,45
Running,21/09/2024 05:50,FALSE,Tangerang Running,14.01,"1,015",01:45:23,133,146,3.2,163,180,07:31,04:48,17,15,0.82,10.1,8.2,290,--,244,0,238,375,"17,042",--,No,00:03.8,15,--,01:45:20,01:52:55,39,45
Running,18/09/2024 19:23,FALSE,Tangerang - Tempo,11.1,785,01:00:45,148,158,4.4,173,190,05:28,04:08,37,47,1.05,8.3,8.7,256,--,327,0,320,420,"10,472",--,No,00:03:00,15,--,01:00:41,01:00:45,45,57
Running,14/09/2024 06:01,FALSE,Tangerang Running,15.31,"1,092",01:37:41,133,158,3.7,167,178,06:23,05:10,19,8,0.94,9.2,8.7,275,--,278,0,276,361,"16,080",--,No,02:06.6,16,--,01:37:37,01:48:14,34,46
Running,13/09/2024 06:04,FALSE,Tangerang Running,10.42,707,01:00:10,133,142,3.6,170,182,05:47,04:36,12,11,1.02,8.7,8.8,264,--,304,0,303,376,"10,018",--,No,02:37.4,11,--,01:00:09,01:00:10,47,54
Running,11/09/2024 18:09,FALSE,Tangerang Running,8.03,633,00:51:54,151,166,--,167,175,06:28,05:06,72,72,0.93,--,--,--,--,--,0,--,--,"8,594",--,No,00:09.9,9,--,00:51:51,00:51:54,27,41
Running,10/09/2024 18:46,FALSE,Tangerang - Base,1.02,64,05:51.7,118,125,1.2,167,172,05:46,05:05,4,6,1.04,8.7,9.1,268,--,308,0,307,373,958,--,No,00:06.2,2,--,05:50.5,05:51.7,83,88
Running,04/09/2024 06:31,FALSE,Tangerang Running,3.58,288,00:25:48,144,164,--,164,177,07:12,06:26,21,20,0.85,--,--,--,--,--,0,--,--,"4,212",--,No,04:07.7,4,--,00:25:46,00:25:55,27,43
Running,31/08/2024 06:15,FALSE,Tangerang Running,8.29,560,00:49:01,146,171,--,164,185,05:55,04:00,11,12,1.02,--,--,--,--,--,0,--,--,"8,114",--,No,00:02.4,15,--,00:48:58,00:50:19,28,43
Running,28/08/2024 19:16,FALSE,Tangerang Running,10.09,680,01:06:45,141,154,--,164,177,06:37,05:39,85,86,0.92,--,--,--,--,--,0,--,--,"10,946",--,No,00:36.8,11,--,01:06:40,01:06:45,27,41
Running,25/08/2024 05:33,TRUE,Gianyar Running,21.19,"1,712",02:09:54,167,186,--,169,191,06:08,05:13,173,166,0.97,--,--,--,--,--,0,--,--,"21,864",--,No,01:32.0,22,--,02:09:01,02:09:54,2,119
Running,20/08/2024 06:08,FALSE,Tangerang Running,14.06,927,01:24:03,146,158,--,169,181,05:59,05:10,15,12,0.99,--,--,--,--,--,0,--,--,"13,956",--,No,00:25.3,15,--,01:23:59,01:24:03,30,41
Running,18/08/2024 06:16,FALSE,Tangerang Running,5.76,519,01:17:25,119,148,--,107,218,13:26,05:23,34,35,0.74,--,--,--,--,--,0,--,--,"8,788",--,No,07:21.0,6,--,00:57:14,01:17:25,23,108
Walking,15/08/2024 20:45,FALSE,Tangerang Walking,2,159,00:32:04,94,114,--,87,160,16:00,11:23,17,22,0.72,--,--,--,--,--,0,--,--,"3,014",--,No,00:04.5,3,--,00:29:50,00:32:04,30,42
Running,15/08/2024 17:30,FALSE,Tangerang Running,9.42,661,00:55:46,151,171,--,169,187,05:55,04:32,63,62,0.99,--,--,--,--,--,0,--,--,"9,464",--,No,02:57.2,10,--,00:55:41,01:12:58,27,41
Running,13/08/2024 18:49,FALSE,Tangerang Running,10.19,716,01:02:30,149,163,--,169,187,06:08,04:38,81,77,0.97,--,--,--,--,--,0,--,--,"10,482",--,No,01:27.3,11,--,01:02:27,01:10:09,27,41
Running,08/08/2024 06:07,FALSE,Tangerang Running,9.82,613,01:00:19,142,156,--,164,175,06:09,04:51,3,2,0.98,--,--,--,--,--,0,--,--,"9,886",--,No,00:06.2,14,--,01:00:17,01:00:19,34,39
Running,08/08/2024 06:01,FALSE,Tangerang Running,0.75,49,05:35.6,123,135,--,162,168,07:28,06:46,12,7,0.83,--,--,--,--,--,0,--,--,904,--,No,05:35.6,1,--,05:35.6,05:35.6,27,45
Running,06/08/2024 19:29,FALSE,Tangerang Running,3.13,232,00:20:03,146,164,--,165,183,06:24,05:32,19,24,0.95,--,--,--,--,--,0,--,--,"3,262",--,No,00:54.5,4,--,00:20:02,00:20:03,27,41
Running,04/08/2024 06:03,TRUE,Tangerang Running,21.02,"1,572",02:10:08,161,183,--,174,191,06:12,05:14,53,57,0.93,--,--,--,--,--,0,--,--,"22,566",--,No,00:06.5,22,--,02:10:03,02:38:54,26,35
Running,03/08/2024 06:28,FALSE,Tangerang Running,3.95,292,00:31:40,134,153,--,162,170,08:01,06:49,15,14,0.77,--,--,--,--,--,0,--,--,"5,092",--,No,07:48.6,4,--,00:31:40,00:51:30,24,33
Running,31/07/2024 18:51,FALSE,Tangerang Running,10.93,823,01:11:46,154,174,--,160,191,06:34,03:57,54,57,0.95,--,--,--,--,--,0,--,--,"11,626",--,No,00:01.3,30,--,01:11:41,01:14:28,30,45
Running,30/07/2024 19:03,FALSE,Tangerang Running,5.63,428,00:40:39,143,158,--,162,170,07:13,06:35,40,39,0.86,--,--,--,--,--,0,--,--,"6,548",--,No,04:38.9,6,--,00:40:34,00:41:33,27,41
Running,28/07/2024 05:58,FALSE,Tangerang Running,20.53,"1,354",02:11:01,146,162,--,169,179,06:23,05:19,51,54,0.93,--,--,--,--,--,0,--,--,"21,866",--,No,03:21.5,21,--,02:10:56,02:20:19,26,36
Running,25/07/2024 06:09,FALSE,Tangerang Running,13.03,982,01:20:39,158,183,--,166,189,06:11,04:07,15,17,0.96,--,--,--,--,--,0,--,--,"13,832",--,No,00:22.6,30,--,01:20:19,01:28:26,28,35
Running,23/07/2024 06:23,FALSE,Tangerang Running,10.02,738,01:08:20,145,163,--,163,170,06:49,06:12,16,7,0.9,--,--,--,--,--,0,--,--,"11,078",--,No,00:08.0,11,--,01:08:18,01:08:20,27,42
Running,21/07/2024 05:18,FALSE,Tangerang Running,16.12,"1,219",01:34:29,161,187,--,170,185,05:52,04:38,35,33,1,--,--,--,--,--,0,--,--,"15,998",--,No,00:37.5,17,--,01:34:25,01:38:40,26,35
Running,16/07/2024 18:55,FALSE,Tangerang Running,9.03,660,01:02:45,143,161,--,162,246,06:57,05:44,71,73,0.89,--,--,--,--,--,0,--,--,"10,136",--,No,00:12.2,10,--,01:02:43,01:02:45,27,43
Running,14/07/2024 06:56,FALSE,Jakarta Running,5.03,392,00:45:51,130,157,--,162,174,09:07,06:59,143,132,0.68,--,--,--,--,--,0,--,--,"7,378",--,No,00:16.0,6,--,00:45:43,01:16:27,3,37
Running,13/07/2024 06:11,FALSE,Tangerang Running,8.08,616,00:46:41,159,180,--,169,179,05:47,05:05,43,39,1.03,--,--,--,--,--,0,--,--,"7,800",--,No,00:26.2,9,--,00:46:39,00:46:41,29,43
Running,11/07/2024 19:19,FALSE,Tangerang Running,3.02,234,00:22:32,140,151,--,163,170,07:27,06:01,29,26,0.82,--,--,--,--,--,0,--,--,"3,650",--,No,00:08.8,4,--,00:22:30,00:23:43,16,32
Running,10/07/2024 19:52,FALSE,Tangerang Running,10.03,751,01:01:10,154,176,--,168,183,06:06,04:59,67,74,0.97,--,--,--,--,--,0,--,--,"10,218",--,No,00:13.0,14,--,01:01:02,01:03:46,27,41
Running,09/07/2024 19:04,FALSE,Tangerang Running,15.07,"1,132",01:39:52,150,173,--,166,173,06:38,05:55,123,125,0.91,--,--,--,--,--,0,--,--,"16,462",--,No,00:25.7,16,--,01:39:47,01:44:43,27,41
Running,06/07/2024 06:24,FALSE,Tangerang Running,7.23,531,00:47:29,146,166,--,163,179,06:34,04:16,29,28,0.93,--,--,--,--,--,0,--,--,"7,700",--,No,01:29.7,8,--,00:47:27,00:47:29,29,44
Running,04/07/2024 05:53,FALSE,Tangerang Running,7.17,541,00:42:53,155,180,--,165,181,05:59,04:44,17,10,1.01,--,--,--,--,--,0,--,--,"7,064",--,No,00:54.7,8,--,00:42:50,00:48:46,27,41
Running,02/07/2024 06:11,FALSE,Tangerang Running,9.18,665,01:02:59,143,160,--,161,172,06:52,05:50,41,36,0.9,--,--,--,--,--,0,--,--,"10,132",--,No,01:17.9,10,--,01:02:57,01:02:59,29,44
Running,30/06/2024 06:33,FALSE,Tangerang Running,16.51,"1,355",01:40:22,165,191,--,167,179,06:05,05:14,65,63,0.98,--,--,--,--,--,0,--,--,"16,748",--,No,03:43.0,17,--,01:40:17,01:53:31,16,36
Running,28/06/2024 06:53,FALSE,Tangerang Running,3.11,204,00:17:30,149,168,--,165,197,05:37,03:12,33,28,1.05,--,--,--,--,--,0,--,--,"2,988",--,No,00:05.8,13,--,00:17:23,00:21:27,29,38
Running,28/06/2024 06:18,FALSE,Tangerang Running,4.43,323,00:26:31,151,172,--,164,175,06:00,04:37,32,28,1.01,--,--,--,--,--,0,--,--,"4,318",--,No,02:40.3,5,--,00:26:30,00:26:31,29,91
Running,25/06/2024 06:11,FALSE,Tangerang Running,7.06,477,00:46:44,138,153,--,162,170,06:37,05:35,16,11,0.93,--,--,--,--,--,0,--,--,"7,528",--,No,00:24.8,8,--,00:46:41,00:46:44,27,45
Running,23/06/2024 05:47,FALSE,Tangerang Running,10.1,758,00:54:09,171,187,--,169,177,05:22,04:29,47,46,1.11,--,--,--,--,--,0,--,--,"8,982",--,No,00:30.0,11,--,00:54:06,00:54:09,33,50
Running,22/06/2024 06:21,FALSE,Tangerang Running,3.03,227,00:20:38,143,156,--,162,177,06:49,06:21,19,19,0.9,--,--,--,--,--,0,--,--,"3,340",--,No,00:11.8,4,--,00:20:38,00:22:09,27,45
Running,20/06/2024 19:15,FALSE,Tangerang Running,8.08,603,00:47:46,160,180,--,165,179,05:55,04:56,73,70,1.02,--,--,--,--,--,0,--,--,"7,800",--,No,00:31.3,9,--,00:47:44,00:47:46,27,41
Running,16/06/2024 06:15,FALSE,Tangerang Running,15.45,"1,049",01:32:22,150,165,--,168,181,05:59,04:51,48,48,1,--,--,--,--,--,0,--,--,"15,344",--,No,02:36.2,16,--,01:32:20,01:36:47,26,36
Running,14/06/2024 06:22,FALSE,Tangerang Running,5.08,408,00:32:48,157,168,--,161,170,06:28,05:48,21,10,0.96,--,--,--,--,--,0,--,--,"5,252",--,No,00:28.8,6,--,00:32:46,00:32:48,27,45
Running,13/06/2024 19:17,FALSE,Tangerang Running,6.16,441,00:42:26,142,153,--,158,166,06:53,06:21,43,41,0.92,--,--,--,--,--,0,--,--,"6,682",--,No,01:04.6,7,--,00:42:25,00:42:26,27,41
Running,12/06/2024 18:26,FALSE,Tangerang - Easy Run,8.66,616,00:55:17,147,162,--,163,173,06:23,05:22,77,77,0.96,--,--,--,--,--,0,--,--,"8,952",--,No,00:16.6,10,--,00:55:15,00:55:17,27,43
Running,11/06/2024 18:30,FALSE,Tangerang Running,6.07,432,00:41:31,140,151,--,163,172,06:50,06:17,42,40,0.9,--,--,--,--,--,0,--,--,"6,730",--,No,00:35.5,7,--,00:41:28,00:42:42,27,41
Treadmill Running,10/06/2024 18:39,FALSE,Treadmill Running,2.91,210,00:20:40,132,153,--,149,185,07:06,05:22,--,--,0.95,--,--,--,--,--,0,--,--,"3,104",--,No,05:49.8,3,--,00:19:14,00:20:40,--,--
Running,08/06/2024 06:01,FALSE,Tangerang Running,12.12,906,01:12:03,157,173,--,165,177,05:57,04:36,42,46,1.02,--,--,--,--,--,0,--,--,"11,880",--,No,00:42.5,13,--,01:12:00,01:12:03,26,35
Running,06/06/2024 19:35,FALSE,Tangerang Running,7.37,574,00:49:05,152,165,--,163,173,06:40,05:14,58,66,0.92,--,--,--,--,--,0,--,--,"7,944",--,No,02:41.9,8,--,00:49:03,00:49:39,27,41
Running,05/06/2024 06:01,FALSE,Tangerang Running,7.36,517,00:47:59,144,155,--,161,170,06:31,06:03,13,13,0.95,--,--,--,--,--,0,--,--,"7,678",--,No,02:14.8,8,--,00:47:55,00:48:07,26,35
Running,04/06/2024 06:13,FALSE,Tangerang Running,7.13,543,00:48:50,146,165,--,160,170,06:51,06:17,21,15,0.91,--,--,--,--,--,0,--,--,"7,774",--,No,00:52.9,8,--,00:48:46,00:48:50,27,42
Running,01/06/2024 06:25,FALSE,Tangerang Running,10.05,738,01:01:59,150,186,--,163,181,06:10,05:22,24,27,1,--,--,--,--,--,0,--,--,"10,058",--,No,00:17.8,11,--,01:01:56,01:01:59,24,34
Running,30/05/2024 19:03,FALSE,Tangerang Running,5.06,376,00:34:34,141,150,--,162,175,06:50,05:57,31,36,0.9,--,--,--,--,--,0,--,--,"5,562",--,No,00:23.6,6,--,00:34:32,00:34:34,27,41
Running,29/05/2024 06:17,FALSE,Tangerang - Benchmark Run,4.1,277,00:25:35,140,154,--,158,164,06:14,04:22,3,4,1.01,--,--,--,--,--,0,--,--,"3,992",--,No,00:12.3,7,--,00:25:33,00:25:50,33,39
Running,21/05/2024 07:33,TRUE,Fujikawaguchiko Town Running,5.02,359,00:29:34,150,168,--,158,168,05:53,04:22,39,36,1.07,--,--,--,--,--,0,--,--,"4,636",--,No,00:04.4,6,--,00:29:32,00:29:34,828,853
Running,21/05/2024 07:02,FALSE,Fujikawaguchiko Town Running,2.01,175,00:20:17,130,150,--,150,176,10:06,05:03,34,35,0.66,--,--,--,--,--,0,--,--,"3,108",--,No,00:03.8,3,--,00:19:45,00:28:13,828,849
Running,07/05/2024 20:10,FALSE,Tangerang Running,7.14,556,00:47:02,154,169,--,158,175,06:35,05:46,53,60,0.96,--,--,--,--,--,0,--,--,"7,432",--,No,01:00.1,8,--,00:47:00,00:47:02,27,41
Running,04/05/2024 06:23,FALSE,Tangerang Running,10.7,810,01:28:53,141,165,--,157,166,08:19,05:31,22,25,0.77,--,--,--,--,--,0,--,--,"13,904",--,No,05:07.8,11,--,01:28:49,01:35:43,24,33
Running,03/05/2024 06:23,FALSE,Tangerang Running,1.64,82,07:35.0,144,161,--,162,185,04:38,03:09,7,4,1.31,--,--,--,--,--,0,--,--,"1,300",--,No,00:11.1,6,--,07:29.9,00:11:32,28,33
Running,03/05/2024 06:06,FALSE,Tangerang Running,2.29,161,00:14:06,144,156,--,157,164,06:10,05:39,--,--,1.04,--,--,--,--,--,0,--,--,"2,172",--,No,01:43.4,3,--,00:14:06,00:14:06,28,34
Running,01/05/2024 16:38,FALSE,Tangerang Running,5.13,378,00:30:59,155,180,--,157,164,06:03,04:59,10,17,1.06,--,--,--,--,--,0,--,--,"4,788",--,No,00:50.6,6,--,00:30:56,00:30:59,28,45
Running,28/04/2024 06:30,FALSE,Jakarta Running,5.63,425,00:54:31,129,154,--,154,170,09:41,07:07,52,46,0.67,--,--,--,--,--,0,--,--,"8,456",--,No,06:20.8,6,--,00:54:17,00:54:31,3,28
Running,27/04/2024 06:12,FALSE,Tangerang Running,5.22,369,00:32:07,148,164,--,156,166,06:09,05:05,16,15,1.04,--,--,--,--,--,0,--,--,"4,924",--,No,01:31.3,6,--,00:32:07,00:32:07,29,44
Running,22/04/2024 18:08,FALSE,Tangerang Running,10.16,860,01:14:57,153,180,--,155,172,07:23,05:56,84,96,0.87,--,--,--,--,--,0,--,--,"11,614",--,No,01:09.3,11,--,01:14:53,01:24:06,18,45
Running,14/04/2024 07:15,FALSE,Jakarta Running,4.61,265,00:22:56,148,164,--,159,166,04:59,03:39,68,87,1.26,--,--,--,--,--,0,--,--,"3,610",--,No,03:35.8,5,--,00:22:55,00:27:43,12,39
Running,14/04/2024 06:44,FALSE,Jakarta Running,3.01,232,00:22:01,141,156,--,157,166,07:19,06:15,56,59,0.87,--,--,--,--,--,0,--,--,"3,448",--,No,00:06.2,4,--,00:22:00,00:23:44,15,28
Running,12/04/2024 07:04,FALSE,Tangerang Running,8.09,652,00:51:24,162,184,--,157,166,06:21,04:41,15,13,1,--,--,--,--,--,0,--,--,"8,006",--,No,00:45.4,9,--,00:51:22,00:51:35,26,35
Running,12/04/2024 06:46,FALSE,Tangerang Running,1.49,138,00:13:24,138,153,--,158,166,08:59,08:07,4,3,0.71,--,--,--,--,--,0,--,--,"2,100",--,No,04:30.7,2,--,00:13:23,00:13:24,28,33
Treadmill Running,10/04/2024 07:31,FALSE,Treadmill Running,2.05,183,00:17:26,136,153,--,147,164,08:30,05:22,--,--,0.83,--,--,--,--,--,0,--,--,"2,608",--,No,01:36.5,3,--,00:16:23,00:17:26,--,--
Running,09/04/2024 06:40,FALSE,Tangerang Running,7.29,670,00:53:09,162,195,--,157,179,07:18,04:16,24,19,0.87,--,--,--,--,--,0,--,--,"8,260",--,No,01:46.6,8,--,00:53:06,00:55:17,26,35
Running,30/03/2024 05:52,FALSE,Tangerang Running,16.62,"1,288",01:37:33,167,185,--,162,172,05:52,05:02,39,41,1.05,--,--,--,--,--,0,--,--,"15,752",--,No,03:41.6,17,--,01:37:27,01:40:28,24,33
Running,30/03/2024 05:35,FALSE,Tangerang Running,1.56,113,00:10:19,142,158,--,159,169,06:38,05:32,6,8,0.95,--,--,--,--,--,0,--,--,"1,632",--,No,03:23.9,2,--,00:10:19,00:10:19,26,32
Running,24/03/2024 07:19,FALSE,Tangerang Running,10.46,843,01:06:38,162,187,--,157,163,06:22,05:20,28,29,1,--,--,--,--,--,0,--,--,"10,420",--,No,03:11.1,11,--,01:06:36,01:08:59,26,36
Running,21/03/2024 19:27,FALSE,Tangerang Running,5.15,393,00:31:02,160,194,--,156,170,06:02,03:46,30,38,1.07,--,--,--,--,--,0,--,--,"4,772",--,No,01:01.2,6,--,00:31:00,00:31:02,29,41
Walking,20/03/2024 18:37,FALSE,Tangerang Walking,0.51,47,06:20.9,113,120,--,95,115,12:23,10:05,3,2,0.85,--,--,--,--,--,0,--,--,650,--,No,06:20.9,1,--,06:20.9,06:20.9,28,31
Running,20/03/2024 17:49,FALSE,Tangerang Running,5.26,407,00:34:06,153,185,--,156,162,06:29,05:19,16,15,0.99,--,--,--,--,--,0,--,--,"5,286",--,No,01:24.7,6,--,00:34:05,00:34:58,16,34
Running,18/03/2024 20:00,FALSE,Tangerang Running,3.19,237,00:22:15,142,160,--,156,246,06:58,05:12,20,27,0.92,--,--,--,--,--,0,--,--,"3,424",--,No,01:20.5,4,--,00:22:14,00:22:15,28,41
Running,12/03/2024 19:03,FALSE,Tangerang Running,5.1,403,00:35:29,151,171,--,155,160,06:57,05:56,14,16,0.93,--,--,--,--,--,0,--,--,"5,398",--,No,00:43.7,6,--,00:35:27,00:35:50,28,41
Running,07/03/2024 06:38,FALSE,Tangerang Running,9.03,613,00:53:01,150,173,--,158,164,05:52,05:02,24,21,1.08,--,--,--,--,--,0,--,--,"8,234",--,No,00:08.4,10,--,00:52:59,00:53:13,28,42
Running,05/03/2024 18:52,FALSE,Tangerang Running,5.07,335,00:32:31,139,154,--,155,160,06:25,05:08,40,50,1,--,--,--,--,--,0,--,--,"4,966",--,No,00:24.5,6,--,00:32:29,00:34:47,27,41
Running,04/03/2024 18:32,FALSE,Tangerang Running,5.61,373,00:33:49,147,165,--,156,168,06:01,04:44,36,38,1.07,--,--,--,--,--,0,--,--,"5,182",--,No,04:28.9,6,--,00:33:46,00:33:49,28,41
Running,02/03/2024 06:27,FALSE,Tangerang Running,10.18,780,01:25:56,141,168,--,156,166,08:26,04:10,21,24,0.76,--,--,--,--,--,0,--,--,"13,350",--,No,01:14.6,11,--,01:25:53,01:36:46,24,34
Running,25/02/2024 06:47,FALSE,Tangerang Running,15.08,"1,100",01:36:18,156,181,--,158,168,06:23,05:34,199,203,0.99,--,--,--,--,--,0,--,--,"15,160",--,No,00:28.7,16,--,01:36:10,01:50:16,16,96
Running,24/02/2024 06:01,FALSE,Tangerang Running,5.33,400,00:41:00,139,161,--,156,164,07:41,06:21,26,28,0.83,--,--,--,--,--,0,--,--,"6,374",--,No,02:21.5,6,--,00:40:55,00:53:16,16,34
Running,23/02/2024 05:54,FALSE,Tangerang Running,3.59,248,00:27:14,134,148,--,155,162,07:35,06:51,16,15,0.85,--,--,--,--,--,0,--,--,"4,188",--,No,04:25.4,4,--,00:27:13,00:27:22,27,42
Running,13/02/2024 19:07,FALSE,Tangerang Running,3.69,264,00:32:22,125,149,--,153,162,08:46,06:44,72,90,0.74,--,--,--,--,--,0,--,--,"4,938",--,No,07:17.8,4,--,00:32:18,00:38:24,21,48
Running,12/02/2024 17:56,FALSE,Tangerang Running,5.25,370,00:30:14,155,180,--,157,166,05:46,04:47,20,25,1.1,--,--,--,--,--,0,--,--,"4,710",--,No,01:32.8,6,--,00:30:13,00:30:32,27,41
Running,10/02/2024 06:27,FALSE,Tangerang Running,8.43,755,01:10:54,152,173,--,157,169,08:25,05:28,30,29,0.76,--,--,--,--,--,0,--,--,"11,104",--,No,03:58.1,9,--,01:10:51,01:23:06,26,36
Running,09/02/2024 17:42,FALSE,Tangerang Running,4.08,282,00:25:38,142,160,--,155,166,06:17,05:42,17,24,1.03,--,--,--,--,--,0,--,--,"3,898",--,No,00:31.3,5,--,00:25:35,00:25:38,27,41
Running,06/02/2024 19:17,FALSE,Tangerang Running,5.03,315,00:33:05,134,160,--,157,179,06:34,03:00,37,45,0.97,--,--,--,--,--,0,--,--,"5,140",--,No,00:13.6,6,--,00:33:04,00:33:05,28,41
Running,05/02/2024 18:59,FALSE,Tangerang Running,6.02,515,00:40:59,162,188,--,157,175,06:48,04:54,35,36,0.93,--,--,--,--,--,0,--,--,"6,430",--,No,00:13.2,7,--,00:40:56,00:40:59,28,41
Running,04/02/2024 06:49,FALSE,Tangerang Running,8.07,616,00:54:43,149,170,--,155,181,06:47,05:36,20,19,0.95,--,--,--,--,--,0,--,--,"8,506",--,No,00:24.3,9,--,00:53:30,00:57:17,26,35
Running,28/01/2024 06:45,FALSE,Tangerang Running,13.4,984,01:24:19,157,175,--,162,173,06:17,05:49,33,33,0.98,--,--,--,--,--,0,--,--,"13,570",--,No,02:36.6,14,--,01:24:14,01:25:47,18,36
Running,27/01/2024 06:19,FALSE,Tangerang Running,6.12,465,00:37:32,156,193,--,157,164,06:08,04:40,13,10,1.04,--,--,--,--,--,0,--,--,"5,840",--,No,00:44.6,7,--,00:37:30,00:38:40,26,34
Running,25/01/2024 06:50,FALSE,Tangerang Running,5.62,428,00:35:50,153,179,--,156,162,06:22,05:08,10,6,1,--,--,--,--,--,0,--,--,"5,586",--,No,04:11.6,6,--,00:35:48,00:35:50,26,35
Running,22/01/2024 06:45,FALSE,Tangerang Running,3.42,221,00:22:55,130,140,--,155,158,06:42,06:06,16,9,0.96,--,--,--,--,--,0,--,--,"3,448",--,No,02:48.6,4,--,00:22:52,00:23:07,27,43
Running,10/01/2024 06:19,FALSE,Tangerang Running,6.11,456,00:40:07,150,174,--,162,168,06:34,04:41,10,7,0.94,--,--,--,--,--,0,--,--,"6,462",--,No,00:36.4,7,--,00:40:05,00:42:33,26,34
Running,09/01/2024 06:36,FALSE,Tangerang Running,5.41,355,00:34:33,137,149,--,159,164,06:23,05:37,10,5,0.98,--,--,--,--,--,0,--,--,"5,456",--,No,02:21.9,6,--,00:34:31,00:34:38,27,42
Running,06/01/2024 07:53,FALSE,Tangerang Running,1.8,128,09:41.0,164,184,--,158,163,05:23,04:55,1,4,1.18,--,--,--,--,--,0,--,--,"1,504",--,No,04:02.7,2,--,09:40.7,09:41.0,27,33
Running,06/01/2024 06:34,FALSE,Tangerang Running,6.32,477,00:54:40,137,160,--,156,177,08:39,06:31,8,7,0.74,--,--,--,--,--,0,--,--,"8,576",--,No,02:28.6,7,--,00:54:19,01:16:13,24,34
Running,30/12/2023 06:24,FALSE,Tangerang Running,11.51,742,01:27:29,133,156,--,158,166,07:36,05:15,35,33,0.84,--,--,--,--,--,0,--,--,"13,746",--,No,03:07.6,12,--,01:27:03,01:27:29,26,35
Running,28/12/2023 06:48,FALSE,Tangerang Running,8.14,605,00:52:04,150,174,--,157,166,06:24,05:37,52,45,1,--,--,--,--,--,0,--,--,"8,152",--,No,00:53.8,9,--,00:52:02,00:52:13,27,45
Running,26/12/2023 17:58,FALSE,Tangerang Running,5.44,364,00:35:57,138,162,--,156,166,06:36,05:38,36,41,0.97,--,--,--,--,--,0,--,--,"5,554",--,No,02:54.9,6,--,00:35:56,00:35:57,27,41
Running,23/12/2023 17:41,FALSE,Tangerang Running,4.19,293,00:28:22,140,158,--,156,168,06:46,06:02,34,33,0.95,--,--,--,--,--,0,--,--,"4,382",--,No,01:15.9,5,--,00:28:21,00:28:22,27,42
Running,17/12/2023 06:56,FALSE,Tangerang Running,4.37,313,00:36:03,132,146,--,159,164,08:15,06:52,14,19,0.76,--,--,--,--,--,0,--,--,"5,726",--,No,03:04.6,5,--,00:36:02,00:36:03,24,33
Running,13/12/2023 06:08,FALSE,Tangerang Running,5.29,487,00:41:07,150,166,--,157,164,07:46,06:11,19,19,0.82,--,--,--,--,--,0,--,--,"6,446",--,No,01:50.5,6,--,00:41:05,00:41:22,26,35
Running,10/12/2023 06:07,FALSE,Tangerang Running,4.79,360,00:25:08,173,185,--,163,170,05:15,04:36,19,28,1.17,--,--,--,--,--,0,--,--,"4,082",--,No,03:57.5,5,--,00:25:07,00:25:08,26,45
Running,10/12/2023 06:01,FALSE,Tangerang Running,1.06,83,05:53.1,172,181,--,159,166,05:33,05:04,6,--,1.13,--,--,--,--,--,0,--,--,942,--,No,00:18.8,2,--,05:46.8,05:53.1,28,36
Running,10/12/2023 05:42,FALSE,Tangerang Running,3.88,282,00:18:31,179,192,--,162,189,04:46,03:04,17,19,1.3,--,--,--,--,--,0,--,--,"3,006",--,No,04:14.2,4,--,00:18:26,00:18:31,23,35
Running,09/12/2023 06:28,FALSE,Tangerang Running,4.37,293,00:37:31,126,140,--,158,205,08:35,05:38,10,7,0.74,--,--,--,--,--,0,--,--,"5,922",--,No,04:05.4,5,--,00:37:28,00:42:26,28,34
Running,07/12/2023 06:04,FALSE,Tangerang Running,5.37,391,00:34:27,144,161,--,152,163,06:25,05:39,13,13,1.02,--,--,--,--,--,0,--,--,"5,162",--,No,02:18.8,6,--,00:34:04,00:34:27,33,44
Running,03/12/2023 05:12,TRUE,Singapore Running,21.8,"1,842",02:38:54,158,199,--,147,176,07:17,04:16,"1,066","1,066",0.92,--,--,--,--,--,0,--,--,"23,622",--,No,04:08.9,22,--,02:38:23,02:38:54,-46,92
Running,29/11/2023 05:51,FALSE,Tangerang Running,6.17,455,00:36:38,156,179,--,157,164,05:56,05:04,13,12,1.07,--,--,--,--,--,0,--,--,"5,704",--,No,00:57.6,7,--,00:36:37,00:36:38,26,36
Running,27/11/2023 20:32,FALSE,Tangerang Running,3.37,250,00:23:03,142,156,--,155,214,06:51,05:24,40,37,0.94,--,--,--,--,--,0,--,--,"3,568",--,No,02:32.7,4,--,00:23:03,00:23:03,28,41
Running,25/11/2023 06:08,FALSE,Tangerang Running,15.12,"1,188",01:34:08,157,181,--,158,172,06:14,05:33,28,35,1.02,--,--,--,--,--,0,--,--,"14,818",--,No,00:40.8,16,--,01:34:03,01:34:26,24,44
Running,23/11/2023 05:59,FALSE,Tangerang Running,7.06,576,00:53:51,142,191,--,154,195,07:37,04:23,19,20,0.85,--,--,--,--,--,0,--,--,"8,290",--,No,00:21.3,8,--,00:53:01,00:58:08,26,36
Running,19/11/2023 06:02,FALSE,Tangerang Running,15.67,"1,220",01:42:02,153,178,--,157,169,06:31,05:32,32,32,0.98,--,--,--,--,--,0,--,--,"15,926",--,No,04:27.8,16,--,01:41:40,01:46:31,18,36
Running,12/11/2023 05:15,TRUE,Jakarta Running,21.75,"1,872",02:43:51,161,190,--,145,238,07:32,04:37,436,436,0.91,--,--,--,--,--,0,--,--,"24,198",--,No,05:32.6,22,--,02:41:20,02:43:51,-1,45
Running,10/11/2023 06:04,FALSE,Tangerang Running,7.53,541,00:43:58,152,173,--,157,164,05:50,04:55,19,11,1.09,--,--,--,--,--,0,--,--,"6,816",--,No,03:16.1,8,--,00:43:57,00:43:58,28,43
Running,07/11/2023 19:50,FALSE,Tangerang Running,3.5,262,00:24:57,139,157,--,157,170,07:08,05:55,26,25,0.89,--,--,--,--,--,0,--,--,"3,896",--,No,04:07.3,4,--,00:24:56,00:24:57,29,41
Running,06/11/2023 06:21,FALSE,Tangerang Running,5.36,405,00:30:45,159,177,--,157,164,05:45,05:08,13,6,1.11,--,--,--,--,--,0,--,--,"4,752",--,No,02:09.1,6,--,00:30:43,00:30:45,28,42
Running,04/11/2023 06:13,FALSE,Tangerang Running,8.05,595,00:49:06,150,196,--,158,166,06:06,04:48,2,1,1.04,--,--,--,--,--,0,--,--,"7,702",--,No,00:16.8,9,--,00:49:03,00:52:58,26,35
Running,01/11/2023 06:06,FALSE,Tangerang Running,4.63,310,00:25:37,148,162,--,155,162,05:32,04:37,19,13,1.16,--,--,--,--,--,0,--,--,"3,912",--,No,03:48.2,5,--,00:25:35,00:25:37,26,35
Running,29/10/2023 05:31,FALSE,Tangerang Running,20.74,"1,670",02:15:16,161,185,--,158,170,06:31,05:51,96,98,0.97,--,--,--,--,--,0,--,--,"21,378",--,No,05:54.1,21,--,02:15:12,02:15:52,29,51
Running,28/10/2023 07:21,FALSE,Tangerang Running,3.33,218,00:31:03,118,131,--,155,160,09:20,07:54,6,10,0.69,--,--,--,--,--,0,--,--,"4,788",--,No,03:11.5,4,--,00:31:01,00:31:34,26,34
Running,25/10/2023 20:19,FALSE,Tangerang Running,4.05,386,00:32:39,150,166,--,158,170,08:04,06:57,36,39,0.79,--,--,--,--,--,0,--,--,"5,154",--,No,00:26.0,5,--,00:32:37,00:35:19,28,41
Running,22/10/2023 05:40,FALSE,Tangerang Running,15.87,"1,256",01:36:06,163,185,--,160,175,06:03,05:13,137,137,1.03,--,--,--,--,--,0,--,--,"15,318",--,No,05:23.0,16,--,01:36:04,01:36:23,16,46
Running,18/10/2023 20:04,FALSE,Tangerang Running,5.12,299,00:32:27,127,155,--,155,189,06:20,03:46,37,29,1.02,--,--,--,--,--,0,--,--,"4,904",--,No,00:58.0,6,--,00:32:25,00:32:27,27,42
Running,16/10/2023 19:43,FALSE,Tangerang Running,7.21,451,00:45:01,137,162,--,155,172,06:15,04:48,58,66,1.03,--,--,--,--,--,0,--,--,"6,900",--,No,01:26.7,8,--,00:44:57,00:45:01,27,41
Running,15/10/2023 06:18,FALSE,Tangerang Running,4.99,343,00:39:50,132,146,--,157,164,07:59,07:28,13,13,0.8,--,--,--,--,--,0,--,--,"6,276",--,No,07:51.7,5,--,00:39:42,00:39:50,30,40
Running,14/10/2023 05:55,FALSE,Tangerang Running,10.64,711,01:03:15,146,185,--,159,168,05:57,05:30,29,29,1.06,--,--,--,--,--,0,--,--,"9,972",--,No,03:55.7,11,--,01:03:12,01:04:12,26,35
Running,06/10/2023 06:15,FALSE,Tangerang Running,10.29,730,01:00:02,153,181,--,156,166,05:50,04:39,11,3,1.1,--,--,--,--,--,0,--,--,"9,284",--,No,02:11.5,11,--,00:59:57,01:00:02,27,43
Running,04/10/2023 06:27,FALSE,Tangerang Running,4.26,300,00:25:30,150,170,--,155,175,05:59,04:18,16,9,1.08,--,--,--,--,--,0,--,--,"3,920",--,No,01:43.7,5,--,00:25:27,00:25:39,27,43
Running,01/10/2023 06:42,FALSE,Tangerang Running,8.62,663,01:06:50,141,182,--,156,166,07:45,05:45,29,27,0.83,--,--,--,--,--,0,--,--,"10,386",--,No,04:47.3,9,--,01:06:48,01:10:41,26,36
Running,30/09/2023 06:14,FALSE,Tangerang Running,7.86,537,00:56:38,134,166,--,156,173,07:13,04:04,24,25,0.89,--,--,--,--,--,0,--,--,"8,798",--,No,06:01.0,8,--,00:56:37,00:58:17,26,35
Running,24/09/2023 05:15,TRUE,Tangerang Running,21.16,"1,770",02:12:30,170,191,--,157,166,06:16,05:08,101,102,1.02,--,--,--,--,--,0,--,--,"20,830",--,No,00:51.8,22,--,02:11:48,02:12:30,16,45
Running,23/09/2023 06:17,FALSE,Tangerang Running,5.06,472,00:42:13,147,169,--,156,163,08:21,05:47,8,10,0.77,--,--,--,--,--,0,--,--,"6,590",--,No,00:27.4,6,--,00:42:11,00:42:23,24,34
Running,21/09/2023 06:40,FALSE,Tangerang Running,5.23,435,00:40:23,143,163,--,156,164,07:43,04:35,16,9,0.83,--,--,--,--,--,0,--,--,"6,286",--,No,01:28.3,6,--,00:40:17,00:40:34,30,41
Running,16/09/2023 05:37,FALSE,Tangerang Running,18.02,"1,427",01:56:37,157,183,--,158,177,06:28,05:29,47,47,0.98,--,--,--,--,--,0,--,--,"18,394",--,No,00:06.6,19,--,01:56:32,02:17:00,17,35
Running,14/09/2023 06:38,FALSE,Tangerang Running,5.34,385,00:34:24,142,160,--,158,166,06:27,04:22,16,10,0.98,--,--,--,--,--,0,--,--,"5,414",--,No,02:13.5,6,--,00:34:21,00:34:30,27,43
Running,12/09/2023 08:17,FALSE,Tangerang Running,5.42,381,00:33:36,142,167,--,158,172,06:12,05:34,7,10,1.02,--,--,--,--,--,0,--,--,"5,280",--,No,02:31.5,6,--,00:33:34,00:33:42,34,44
Running,10/09/2023 06:30,FALSE,Tangerang Running,8.59,651,00:59:21,144,166,--,158,168,06:55,05:05,35,39,0.92,--,--,--,--,--,0,--,--,"9,344",--,No,03:25.0,9,--,00:59:09,01:01:26,18,37
Running,09/09/2023 06:27,FALSE,Tangerang Running,8.25,690,01:00:07,150,173,--,157,170,07:17,04:39,23,25,0.87,--,--,--,--,--,0,--,--,"9,420",--,No,01:19.9,9,--,01:00:05,01:14:07,26,35
Running,05/09/2023 06:08,FALSE,Tangerang Running,10.03,612,00:51:50,145,176,--,158,172,05:10,04:35,1,8,1.22,--,--,--,--,--,0,--,--,"8,154",--,No,00:07.3,11,--,00:51:46,00:51:50,34,42
Running,03/09/2023 05:27,FALSE,Tangerang Running,12.78,"1,216",01:45:57,152,188,--,155,166,08:17,03:55,36,40,0.78,--,--,--,--,--,0,--,--,"16,450",--,No,03:39.7,13,--,01:45:48,02:04:05,23,38
Running,01/09/2023 20:49,FALSE,Tangerang Running,5.06,388,00:31:17,150,165,--,156,172,06:11,04:53,39,45,1.04,--,--,--,--,--,0,--,--,"4,864",--,No,00:17.1,6,--,00:31:14,00:31:17,27,41
Running,29/08/2023 06:41,FALSE,Tangerang Running,5.27,335,00:32:13,135,153,--,156,162,06:07,04:54,12,3,1.05,--,--,--,--,--,0,--,--,"5,024",--,No,01:44.3,6,--,00:32:11,00:32:24,27,43
Running,27/08/2023 05:56,FALSE,Tangerang Running,14.06,"1,187",01:41:50,152,185,--,156,168,07:15,03:50,42,45,0.89,--,--,--,--,--,0,--,--,"15,868",--,No,00:24.2,15,--,01:41:34,01:51:34,24,44
Running,24/08/2023 06:31,FALSE,Tangerang Running,3.51,271,00:22:26,148,170,--,156,162,06:24,05:40,10,3,1,--,--,--,--,--,0,--,--,"3,506",--,No,03:09.4,4,--,00:22:26,00:22:37,27,45
Running,20/08/2023 05:19,FALSE,Jakarta Running,21.21,"1,906",02:27:12,167,185,--,153,171,06:56,05:24,322,317,0.94,--,--,--,--,--,0,--,--,"22,658",--,No,01:21.0,22,--,02:27:05,02:27:12,-4,40
Running,17/08/2023 06:09,FALSE,Tangerang Running,8.5,635,00:56:45,145,169,--,156,164,06:40,05:56,41,39,0.96,--,--,--,--,--,0,--,--,"8,888",--,No,03:36.8,9,--,00:56:42,00:56:45,30,42
Running,15/08/2023 06:14,FALSE,Tangerang Running,5.23,358,00:31:24,143,170,--,156,162,06:00,05:07,12,12,1.07,--,--,--,--,--,0,--,--,"4,848",--,No,01:30.7,6,--,00:31:23,00:31:38,33,45
Running,12/08/2023 05:18,FALSE,Tangerang Running,15.94,"1,227",01:45:11,153,179,--,157,173,06:36,05:51,66,65,0.97,--,--,--,--,--,0,--,--,"16,488",--,No,06:10.6,16,--,01:45:06,01:46:22,16,35
Running,11/08/2023 06:09,FALSE,Tangerang Running,8.46,557,00:55:03,138,153,--,158,166,06:31,05:51,15,16,0.97,--,--,--,--,--,0,--,--,"8,686",--,No,03:00.3,9,--,00:55:01,00:55:14,33,44
Running,10/08/2023 06:20,FALSE,Tangerang Running,7.45,590,00:48:20,153,174,--,156,162,06:29,05:41,18,12,0.99,--,--,--,--,--,0,--,--,"7,546",--,No,02:52.6,8,--,00:48:17,00:48:32,27,42
Running,04/08/2023 06:02,TRUE,Tangerang Running,10.03,776,00:58:35,163,185,--,157,164,05:51,05:12,8,16,1.09,--,--,--,--,--,0,--,--,"9,184",--,No,00:08.3,11,--,00:58:33,00:58:45,33,44
Running,03/08/2023 06:34,FALSE,Tangerang Running,6.4,500,00:42:12,150,171,--,156,164,06:36,06:06,8,--,0.97,--,--,--,--,--,0,--,--,"6,570",--,No,02:27.3,7,--,00:42:09,00:42:22,27,42
Running,30/07/2023 05:37,FALSE,Tangerang Running,17.61,"1,467",01:58:14,162,179,--,157,166,06:43,05:57,75,73,0.95,--,--,--,--,--,0,--,--,"18,498",--,No,04:06.6,18,--,01:58:10,02:08:57,16,36
